abbr,Off,Def,TO,SOS,Rating,BasePlayoff
ARI,15,28,1,.574,1455.4,17.9
ATL,32,4,-5,.529,1526.1,74.1
BAL,2,14,3,.426,1581.6,66.4
BUF,11,27,-2,.456,1552.3,71.5
CAR,4,12,5,.500,1561.0,35.0
CHI,8,8,-1,.515,1400.5,53.0
CIN,19,22,2,.456,1589.3,60.5
CLE,25,19,-1,.456,1415.3,56.8
DAL,6,31,0,.471,1506.1,37.1
DEN,10,11,1,.544,1443.6,31.3
DET,5,29,3,.485,1531.3,55.4
GB,7,25,-2,.485,1635.6,39.2
HOU,13,3,1,.485,1386.2,6.1
IND,31,21,-6,.471,1558.8,55.4
JAX,9,7,6,.426,1531.2,65.4
KC,17,6,5,.471,1462.1,86.6
LAC,12,17,-1,.544,1511.0,5.1
LAR,16,13,-5,.559,1514.6,35.3
LV,20,10,3,.471,1475.5,69.6
MIA,23,32,-2,.588,1589.2,7.2
MIN,28,1,5,.471,1347.9,77.6
NE,29,9,-5,.529,1568.4,54.0
NO,21,30,-5,.529,1616.5,17.8
NYG,22,20,3,.456,1514.1,55.0
NYJ,18,16,3,.500,1493.4,34.2
PHI,24,18,-3,.500,1542.2,41.3
PIT,27,26,0,.471,1626.8,26.8
SEA,3,2,1,.559,1365.8,55.5
SF,1,23,1,.515,1596.4,85.4
TB,30,5,-5,.515,1459.8,4.5
TEN,26,15,-3,.500,1507.9,3.2
WAS,14,24,3,.544,1538.4,15.8
