game_id,season,week,home_team,away_team,home_win_prob,away_win_prob,model_margin,market_margin,home_edge,result
2026_01_NE_SEA,2026,1,SEA,NE,0.6218707335511834,0.3781292664488166,4.635969705847387,-3.0,7.635969705847387,3.0
2026_01_SF_LA,2026,1,LAR,SF,0.6419868783466185,0.3580131216533815,2.6055725525530065,-3.5,6.105572552553007,-20.0
2026_01_CHI_CAR,2026,1,CAR,CHI,0.3814082763481771,0.6185917236518229,-4.630152286313906,3.0,-7.630152286313906,-22.0
2026_01_TB_CIN,2026,1,CIN,TB,0.5980418585193139,0.4019581414806861,3.2650585083902506,-3.5,6.765058508390251,6.0
2026_01_NO_DET,2026,1,DET,NO,0.6866570045083875,0.3133429954916125,6.488255138121097,-7.0,13.488255138121096,1.0
2026_01_BUF_HOU,2026,1,HOU,BUF,0.5345355356821128,0.4654644643178872,-0.3784598198939317,1.5,-1.878459819893932,-5.0
2026_01_BAL_IND,2026,1,IND,BAL,0.4381494823416083,0.5618505176583917,-2.137408841813004,3.0,-5.137408841813004,-18.0
2026_01_CLE_JAX,2026,1,JAX,CLE,0.8268221427334399,0.1731778572665601,12.066666795509908,-8.5,20.566666795509907,24.0
2026_01_ATL_PIT,2026,1,PIT,ATL,0.7543113458421271,0.2456886541578729,9.209234726153737,-6.5,15.709234726153737,7.0
2026_01_NYJ_TEN,2026,1,TEN,NYJ,0.4630156893175159,0.5369843106824841,1.2087548902021794,-1.5,2.7087548902021794,-13.0
2026_01_ARI_LAC,2026,1,LAC,ARI,0.7221912226585819,0.277808777341418,7.692711821792958,-8.5,16.192711821792958,-12.0
2026_01_MIA_LV,2026,1,LV,MIA,0.5657781988605408,0.4342218011394592,3.654873663735117,-3.0,6.654873663735117,14.0
2026_01_GB_MIN,2026,1,MIN,GB,0.5584165903117891,0.4415834096882108,4.081626444522021,-1.5,5.581626444522021,17.0
2026_01_WAS_PHI,2026,1,PHI,WAS,0.7187188270997561,0.2812811729002439,6.882513299224128,-6.0,12.882513299224128,2.0
2026_01_DAL_NYG,2026,1,NYG,DAL,0.4102029409841664,0.5897970590158336,-3.8938692637599663,3.0,-6.893869263759966,8.0
2026_01_DEN_KC,2026,1,KC,DEN,0.6538347909294494,0.3461652090705506,6.960612465563965,-2.5,9.460612465563964,21.0
2026_02_DET_BUF,2026,2,BUF,DET,0.6687688194867745,0.3312311805132255,6.716435674628116,-4.5,11.216435674628116,10.0
2026_02_CAR_ATL,2026,2,ATL,CAR,0.4500987238269114,0.5499012761730886,-1.941676859247452,2.5,-4.441676859247451,-31.0
2026_02_NO_BAL,2026,2,BAL,NO,0.7290510805836221,0.2709489194163779,9.47444056075167,-7.5,16.97444056075167,-7.0
2026_02_MIN_CHI,2026,2,CHI,MIN,0.6636119271625549,0.3363880728374451,5.0595919971556,-4.5,9.5595919971556,-6.0
2026_02_CIN_HOU,2026,2,HOU,CIN,0.6259765517444725,0.3740234482555274,1.835392575162155,-2.5,4.335392575162155,-14.0
2026_02_PIT_NE,2026,2,NE,PIT,0.7749180089359982,0.2250819910640018,8.916975091338191,-5.5,14.416975091338193,17.0
2026_02_GB_NYJ,2026,2,NYJ,GB,0.2742606924918207,0.7257393075081793,-5.712600876646109,3.5,-9.212600876646109,-3.0
2026_02_CLE_TB,2026,2,TB,CLE,0.8063647375087111,0.1936352624912889,12.819781704662386,-8.5,21.319781704662383,-4.0
2026_02_PHI_TEN,2026,2,TEN,PHI,0.2723869328872983,0.7276130671127017,-6.924315963188475,7.0,-13.924315963188477,-4.0
2026_02_JAX_DEN,2026,2,DEN,JAX,0.5880416340495573,0.4119583659504426,1.577612131940838,-2.5,4.077612131940838,7.0
2026_02_LV_LAC,2026,2,LAC,LV,0.7007803874491589,0.299219612550841,7.483032239023608,-6.5,13.983032239023608,-12.0
2026_02_SEA_ARI,2026,2,ARI,SEA,0.3192243568486423,0.6807756431513576,-3.7614027132946375,3.5,-7.261402713294638,-24.0
2026_02_WAS_DAL,2026,2,DAL,WAS,0.5781344269429038,0.4218655730570961,3.8050440426188494,-3.5,7.30504404261885,17.0
2026_02_MIA_SF,2026,2,SF,MIA,0.8559820914567303,0.1440179085432696,16.382899592205668,-13.5,29.882899592205668,22.0
2026_02_IND_KC,2026,2,KC,IND,0.753102459125355,0.246897540874645,8.412463026149618,-6.5,14.912463026149618,3.0
2026_02_NYG_LA,2026,2,LAR,NYG,0.8010557214927307,0.1989442785072692,9.159874199475617,-7.0,16.159874199475617,22.0
2026_03_ATL_GB,2026,3,GB,ATL,0.6444195160960702,0.3555804839039298,11.256992809602435,-6.0,17.256992809602437,-21.0
2026_03_LAC_BUF,2026,3,BUF,LAC,0.4417244499459324,0.5582755500540676,4.90413366315792,-7.0,11.90413366315792,8.0
2026_03_CAR_CLE,2026,3,CLE,CAR,0.3368898026834904,0.6631101973165097,-0.7497626684339758,2.5,-3.249762668433976,3.0
2026_03_NYJ_DET,2026,3,DET,NYJ,0.7530059566836315,0.2469940433163685,7.849108135507224,-6.5,14.349108135507224,7.0
2026_03_HOU_IND,2026,3,IND,HOU,0.3845773033099416,0.6154226966900583,-6.832306967322879,1.5,-8.332306967322879,2.0
2026_03_NE_JAX,2026,3,JAX,NE,0.5905252153991798,0.4094747846008202,2.730261661774976,-3.0,5.730261661774977,29.0
2026_03_KC_MIA,2026,3,MIA,KC,0.3092594432278286,0.6907405567721714,-3.956147610678243,10.5,-14.456147610678244,-14.0
2026_03_TEN_NYG,2026,3,NYG,TEN,0.7072463256516119,0.292753674348388,4.273830377010756,-2.5,6.773830377010756,5.0
2026_03_CIN_PIT,2026,3,PIT,CIN,0.5860504351669532,0.4139495648330468,0.9672552309982034,3.5,-2.532744769001797,3.0
2026_03_SEA_WAS,2026,3,WAS,SEA,0.168292266539073,0.831707733460927,-12.888857716029056,7.5,-20.38885771602905,2.0
2026_03_ARI_SF,2026,3,SF,ARI,0.8149111656552324,0.1850888343447676,11.192626843681678,-8.5,19.69262684368168,6.0
2026_03_MIN_TB,2026,3,TB,MIN,0.4025011003543761,0.5974988996456239,-6.279265261456883,1.5,-7.779265261456883,-7.0
2026_03_BAL_DAL,2026,3,DAL,BAL,0.7290894914782948,0.2709105085217052,7.113362084042336,3.5,3.613362084042336,-3.0
2026_03_LV_NO,2026,3,NO,LV,0.6066902676897077,0.3933097323102923,5.203182426691008,-3.0,8.203182426691008,-8.0
2026_03_LA_DEN,2026,3,DEN,LAR,0.310894101153642,0.689105898846358,-10.28951025595157,2.5,-12.78951025595157,4.0
2026_03_PHI_CHI,2026,3,CHI,PHI,0.3301621922570607,0.6698378077429392,-6.312946617295083,4.5,-10.812946617295085,20.0
2026_04_PIT_CLE,2026,4,CLE,PIT,0.5168370856750599,0.4831629143249401,-0.8367197623674674,2.5,-3.336719762367468,3.0
2026_04_IND_WAS,2026,4,WAS,IND,0.3909700245305015,0.6090299754694986,-3.700127259142013,3.5,-7.200127259142013,-17.0
2026_04_TEN_BAL,2026,4,BAL,TEN,0.894678897560413,0.105321102439587,17.35590562189644,-11.5,28.85590562189644,6.0
2026_04_NE_BUF,2026,4,BUF,NE,0.6922953009446817,0.3077046990553183,8.820278845278601,-7.0,15.8202788452786,-3.0
2026_04_NYJ_CHI,2026,4,CHI,NYJ,0.4814324604182904,0.5185675395817095,0.1046433726122058,-3.5,3.604643372612206,11.0
2026_04_JAX_CIN,2026,4,CIN,JAX,0.6461845055902415,0.3538154944097584,6.045872305521835,-2.5,8.545872305521835,-5.0
2026_04_DAL_HOU,2026,4,HOU,DAL,0.4173999238532402,0.5826000761467598,-5.889137354073506,-2.5,-3.3891373540735064,-4.0
2026_04_ARI_NYG,2026,4,NYG,ARI,0.2648267510197344,0.7351732489802656,-5.972978453911615,1.5,-7.472978453911615,12.0
2026_04_LA_PHI,2026,4,PHI,LAR,0.3153982452295519,0.6846017547704482,-3.222298383120154,3.0,-6.222298383120155,-4.0
2026_04_GB_TB,2026,4,TB,GB,0.4044852934329011,0.5955147065670989,0.6414512043771308,3.5,-2.858548795622869,-3.0
2026_04_MIA_MIN,2026,4,MIN,MIA,0.7459253538910322,0.2540746461089678,5.63644144192506,-11.5,17.136441441925058,5.0
2026_04_KC_LV,2026,4,LV,KC,0.3924439438785871,0.6075560561214128,-6.357113357909421,4.5,-10.85711335790942,-3.0
2026_04_LAC_SEA,2026,4,SEA,LAC,0.4989062522981269,0.5010937477018731,2.22918381652899,-7.0,9.229183816528993,7.0
2026_04_DEN_SF,2026,4,SF,DEN,0.7902312609296108,0.2097687390703891,11.748291340689764,-3.0,14.748291340689764,10.0
2026_04_DET_CAR,2026,4,CAR,DET,0.4069612305719778,0.5930387694280221,-3.063523886637272,3.5,-6.563523886637272,6.0
2026_04_ATL_NO,2026,4,NO,ATL,0.5047510919325751,0.4952489080674249,4.543528716709606,-3.0,7.543528716709606,-21.0
2026_05_TB_DAL,2026,5,DAL,TB,0.6359737842759869,0.36402621572401306,7.364933995746669,-8.5,15.864933995746668,
2026_05_PHI_JAX,2026,5,JAX,PHI,0.7794286111480725,0.2205713888519275,8.980158209805623,-6.5,15.480158209805623,
2026_05_CHI_GB,2026,5,GB,CHI,0.4168621610791954,0.5831378389208046,3.6480255855157635,3.0,0.6480255855157635,
2026_05_CIN_MIA,2026,5,MIA,CIN,0.25035619843972745,0.7496438015602725,-5.930572196891791,7.0,-12.930572196891791,
2026_05_LV_NE,2026,5,NE,LV,0.6232280748052899,0.37677192519471014,4.965657860970344,-3.5,8.465657860970344,
2026_05_MIN_NO,2026,5,NO,MIN,0.4695876214592341,0.530412378540766,2.4682739097913933,1.5,0.9682739097913933,
2026_05_CLE_NYJ,2026,5,NYJ,CLE,0.5607833274288575,0.4392166725711425,2.276700101610309,-2.5,4.7767001016103094,
2026_05_IND_PIT,2026,5,PIT,IND,0.6171976316077866,0.3828023683922134,5.532280505415603,-2.5,8.032280505415603,
2026_05_HOU_TEN,2026,5,TEN,HOU,0.3228029431683683,0.6771970568316317,-5.782448867808385,6.5,-12.282448867808384,
2026_05_NYG_WAS,2026,5,WAS,NYG,0.5787224679945041,0.4212775320054959,3.3553292579470737,-3.0,6.355329257947074,
2026_05_DEN_LAC,2026,5,LAC,DEN,0.4282945378321167,0.5717054621678833,0.9572117556677529,3.5,-2.542788244332247,
2026_05_DET_ARI,2026,5,ARI,DET,0.2391402915442387,0.7608597084557613,-10.215677903530334,4.5,-14.715677903530334,
2026_05_SF_SEA,2026,5,SEA,SF,0.5179358459565572,0.4820641540434428,-0.3577454797062316,-3.0,2.6422545202937684,
2026_05_BAL_ATL,2026,5,ATL,BAL,0.7410732708745603,0.2589267291254397,8.123668510671543,-3.0,11.123668510671543,
2026_05_BUF_LA,2026,5,LAR,BUF,0.45832259514522683,0.5416774048547732,-0.4464972289031848,-2.5,2.0535027710968152,
2026_06_SEA_DEN,2026,6,DEN,SEA,0.6688526812995267,0.3311473187004733,6.989956769602702,,6.989956769602702,
2026_06_HOU_JAX,2026,6,JAX,HOU,0.8325127517542766,0.16748724824572336,10.469994096080935,,10.469994096080935,
2026_06_CHI_ATL,2026,6,ATL,CHI,0.8169946783451371,0.18300532165486294,12.614754610488603,,12.614754610488603,
2026_06_BAL_CLE,2026,6,CLE,BAL,0.8024486420580393,0.19755135794196066,9.657539489472786,,9.657539489472786,
2026_06_TEN_IND,2026,6,IND,TEN,0.8055289462866486,0.19447105371335138,11.287414623871008,,11.287414623871008,
2026_06_NYJ_NE,2026,6,NE,NYJ,0.7371151584000838,0.2628848415999162,9.875209197246285,,9.875209197246285,
2026_06_NO_NYG,2026,6,NYG,NO,0.7283645385307858,0.27163546146921425,7.881865407890986,,7.881865407890986,
2026_06_CAR_PHI,2026,6,PHI,CAR,0.8065879539388747,0.19341204606112528,12.372207287766145,,12.372207287766145,
2026_06_PIT_TB,2026,6,TB,PIT,0.8205046710367491,0.17949532896325093,8.417267829431,,8.417267829431,
2026_06_ARI_LA,2026,6,LAR,ARI,0.7201180551522284,0.2798819448477716,4.442035223349656,,4.442035223349656,
2026_06_LAC_KC,2026,6,KC,LAC,0.7737179922994959,0.2262820077005041,6.656214921691178,,6.656214921691178,
2026_06_BUF_LV,2026,6,LV,BUF,0.7436492368527594,0.2563507631472406,6.431125343964337,,6.431125343964337,
2026_06_DAL_GB,2026,6,GB,DAL,0.7627074907671928,0.2372925092328072,11.44667892293947,,11.44667892293947,
2026_06_WAS_SF,2026,6,SF,WAS,0.8319461651512337,0.16805383484876635,9.17356790684509,,9.17356790684509,
2026_07_NE_CHI,2026,7,CHI,NE,0.7283611105597663,0.27163888944023373,5.858281512874749,,5.858281512874749,
2026_07_PIT_NO,2026,7,NO,PIT,0.867311895786,0.132688104214,13.900832117768303,,13.900832117768303,
2026_07_SF_ATL,2026,7,ATL,SF,0.8200535449395187,0.17994645506048135,11.482243737764662,,11.482243737764662,
2026_07_CIN_BAL,2026,7,BAL,CIN,0.8474210702826374,0.15257892971736264,10.638882972072597,,10.638882972072597,
2026_07_TB_CAR,2026,7,CAR,TB,0.731994667703403,0.26800533229659695,9.120840289750234,,9.120840289750234,
2026_07_NYG_HOU,2026,7,HOU,NYG,0.7123185116537533,0.28768148834624674,3.441164919688629,,3.441164919688629,
2026_07_IND_MIN,2026,7,MIN,IND,0.6834964668241453,0.31650353317585467,1.967536889799227,,1.967536889799227,
2026_07_MIA_NYJ,2026,7,NYJ,MIA,0.7135379950909356,0.28646200490906437,5.090050479530073,,5.090050479530073,
2026_07_CLE_TEN,2026,7,TEN,CLE,0.7623949922186752,0.23760500778132476,7.958264404266482,,7.958264404266482,
2026_07_DEN_ARI,2026,7,ARI,DEN,0.7817662806646474,0.21823371933535263,11.777892103418349,,11.777892103418349,
2026_07_GB_DET,2026,7,DET,GB,0.7971355652750097,0.20286443472499027,11.552550569781577,,11.552550569781577,
2026_07_LA_LV,2026,7,LV,LAR,0.7626068094266119,0.23739319057338815,9.168126904975718,,9.168126904975718,
2026_07_KC_SEA,2026,7,SEA,KC,0.710754437331258,0.289245562668742,5.5340464268724805,,5.5340464268724805,
2026_07_DAL_PHI,2026,7,PHI,DAL,0.768877637492856,0.23112236250714402,8.177356413165946,,8.177356413165946,
2026_08_CAR_GB,2026,8,GB,CAR,0.8011641927174459,0.19883580728255412,15.641529797539668,,15.641529797539668,
2026_08_BAL_BUF,2026,8,BUF,BAL,0.8706024245729018,0.12939757542709818,14.455176473258941,,14.455176473258941,
2026_08_TEN_CIN,2026,8,CIN,TEN,0.8286941867065601,0.17130581329343986,12.353598561924294,,12.353598561924294,
2026_08_ARI_DAL,2026,8,DAL,ARI,0.6858830730501932,0.31411692694980675,4.146286905501612,,4.146286905501612,
2026_08_MIN_DET,2026,8,DET,MIN,0.7716292330394402,0.2283707669605598,9.928632089344376,,9.928632089344376,
2026_08_IND_JAX,2026,8,JAX,IND,0.822270489464494,0.177729510535506,8.384174368579703,,8.384174368579703,
2026_08_LV_NYJ,2026,8,NYJ,LV,0.7622579169165322,0.23774208308346778,7.580912815720279,,7.580912815720279,
2026_08_CLE_PIT,2026,8,PIT,CLE,0.8046752745251691,0.19532472547483093,12.121541563133867,,12.121541563133867,
2026_08_ATL_TB,2026,8,TB,ATL,0.6032495692646734,0.39675043073532656,1.771302872756971,,1.771302872756971,
2026_08_LAC_LA,2026,8,LAR,LAC,0.7468813507503702,0.2531186492496298,8.494569305055364,,8.494569305055364,
2026_08_KC_DEN,2026,8,DEN,KC,0.7670709274369354,0.2329290725630646,8.2549661470308,,8.2549661470308,
2026_08_NE_MIA,2026,8,MIA,NE,0.7224820875468886,0.2775179124531114,12.462177804863753,,12.462177804863753,
2026_08_PHI_WAS,2026,8,WAS,PHI,0.7495377781815314,0.25046222181846856,10.368196947071347,,10.368196947071347,
2026_08_CHI_SEA,2026,8,SEA,CHI,0.7330804827076774,0.26691951729232255,7.005844236813222,,7.005844236813222,
2026_09_JAX_BAL,2026,9,BAL,JAX,0.8912558264701261,0.10874417352987387,13.619472256752232,,13.619472256752232,
2026_09_CIN_ATL,2026,9,ATL,CIN,0.8002083624430588,0.19979163755694118,8.696381214246191,,8.696381214246191,
2026_09_DEN_CAR,2026,9,CAR,DEN,0.8509330551834533,0.1490669448165467,15.473000672823762,,15.473000672823762,
2026_09_DAL_IND,2026,9,IND,DAL,0.7872392879800174,0.2127607120199826,8.76137742730295,,8.76137742730295,
2026_09_NYJ_KC,2026,9,KC,NYJ,0.7528142636723212,0.24718573632767882,6.151808848308737,,6.151808848308737,
2026_09_DET_MIA,2026,9,MIA,DET,0.7554206742125361,0.24457932578746389,10.850809271260207,,10.850809271260207,
2026_09_CLE_NO,2026,9,NO,CLE,0.7773913014908084,0.22260869850919163,11.757892148081918,,11.757892148081918,
2026_09_NYG_PHI,2026,9,PHI,NYG,0.7753835364633594,0.22461646353664055,8.90084581292022,,8.90084581292022,
2026_09_LA_WAS,2026,9,WAS,LAR,0.7374140607776498,0.2625859392223502,11.367537536470625,,11.367537536470625,
2026_09_HOU_LAC,2026,9,LAC,HOU,0.7207803195278552,0.27921968047214485,9.762123078104523,,9.762123078104523,
2026_09_LV_SF,2026,9,SF,LV,0.8534115567285895,0.14658844327141052,11.184981995397514,,11.184981995397514,
2026_09_GB_NE,2026,9,NE,GB,0.8044438610620234,0.19555613893797663,12.852188574993324,,12.852188574993324,
2026_09_ARI_SEA,2026,9,SEA,ARI,0.6210148242544173,0.37898517574558266,-0.7641753751183877,,-0.7641753751183877,
2026_09_TB_CHI,2026,9,CHI,TB,0.6643890738323383,0.33561092616766175,3.5040878248068053,,3.5040878248068053,
2026_09_BUF_MIN,2026,9,MIN,BUF,0.6634901131260634,0.33650988687393657,1.964126043618232,,1.964126043618232,
2026_10_WAS_NYG,2026,10,NYG,WAS,0.7178006551950744,0.2821993448049256,6.292837336368506,,6.292837336368506,
2026_10_NE_DET,2026,10,DET,NE,0.7794457175702627,0.2205542824297373,10.436093216917186,,10.436093216917186,
2026_10_KC_ATL,2026,10,ATL,KC,0.7997704037685149,0.20022959623148506,11.142956800547864,,11.142956800547864,
2026_10_HOU_CLE,2026,10,CLE,HOU,0.6821042738930625,0.3178957261069375,6.411502449868393,,6.411502449868393,
2026_10_MIN_GB,2026,10,GB,MIN,0.7524257663280213,0.24757423367197873,13.577693236972856,,13.577693236972856,
2026_10_MIA_IND,2026,10,IND,MIA,0.7453918323376151,0.2546081676623849,7.379369651521971,,7.379369651521971,
2026_10_CAR_NO,2026,10,NO,CAR,0.8295046892276788,0.17049531077232116,14.972587065694437,,14.972587065694437,
2026_10_BUF_NYJ,2026,10,NYJ,BUF,0.7216189434914607,0.2783810565085393,7.058151967558377,,7.058151967558377,
2026_10_JAX_TEN,2026,10,TEN,JAX,0.8530749480213313,0.14692505197866867,11.040169356047919,,11.040169356047919,
2026_10_LA_ARI,2026,10,ARI,LAR,0.6815725154579051,0.3184274845420949,8.464545240065275,,8.464545240065275,
2026_10_SEA_LV,2026,10,LV,SEA,0.703935412657887,0.29606458734211305,8.10806946468006,,8.10806946468006,
2026_10_SF_DAL,2026,10,DAL,SF,0.7888463136584806,0.21115368634151943,10.783795644709283,,10.783795644709283,
2026_10_PIT_CIN,2026,10,CIN,PIT,0.8791952177702449,0.1208047822297551,12.950657292030296,,12.950657292030296,
2026_10_LAC_BAL,2026,10,BAL,LAC,0.8090093721703243,0.19099062782967569,10.839770838089105,,10.839770838089105,
2026_11_IND_HOU,2026,11,HOU,IND,0.6827393941983725,0.3172606058016275,3.307180078362676,,3.307180078362676,
2026_11_MIA_BUF,2026,11,BUF,MIA,0.7437351848337637,0.25626481516623634,7.1518073719440185,,7.1518073719440185,
2026_11_BAL_CAR,2026,11,CAR,BAL,0.8727949329931824,0.12720506700681755,14.757919861745926,,14.757919861745926,
2026_11_NO_CHI,2026,11,CHI,NO,0.7122483443628413,0.28775165563715865,3.9062746146478364,,3.9062746146478364,
2026_11_TEN_DAL,2026,11,DAL,TEN,0.76912178902774,0.23087821097226002,9.442498693669389,,9.442498693669389,
2026_11_TB_DET,2026,11,DET,TB,0.7229277977302702,0.27707220226972984,8.081899528849242,,8.081899528849242,
2026_11_ARI_KC,2026,11,KC,ARI,0.7488380330907313,0.25116196690926873,2.6036808399854703,,2.6036808399854703,
2026_11_JAX_NYG,2026,11,NYG,JAX,0.8270555473667067,0.17294445263329328,11.257457773280812,,11.257457773280812,
2026_11_NYJ_LAC,2026,11,LAC,NYJ,0.6663209511757531,0.3336790488242469,7.864752208898515,,7.864752208898515,
2026_11_LV_DEN,2026,11,DEN,LV,0.7529683125606176,0.24703168743938242,5.835773497048881,,5.835773497048881,
2026_11_PIT_PHI,2026,11,PHI,PIT,0.8485491003276525,0.15145089967234748,11.300452339840007,,11.300452339840007,
2026_11_MIN_SF,2026,11,SF,MIN,0.8438733537208041,0.15612664627919592,12.207141749021673,,12.207141749021673,
2026_11_CIN_WAS,2026,11,WAS,CIN,0.7726327458458037,0.22736725415419634,9.125913887301394,,9.125913887301394,
2026_12_GB_LA,2026,12,LAR,GB,0.7940604180304498,0.2059395819695502,10.967142609419962,,10.967142609419962,
2026_12_CHI_DET,2026,12,DET,CHI,0.8146341719743577,0.18536582802564228,12.797462795642879,,12.797462795642879,
2026_12_PHI_DAL,2026,12,DAL,PHI,0.7430312209572821,0.25696877904271787,9.240216180960761,,9.240216180960761,
2026_12_KC_BUF,2026,12,BUF,KC,0.8014340233509372,0.19856597664906284,12.061862358116144,,12.061862358116144,
2026_12_DEN_PIT,2026,12,PIT,DEN,0.8747955861779073,0.12520441382209269,17.77782774275797,,17.77782774275797,
2026_12_NO_CIN,2026,12,CIN,NO,0.797779093314553,0.202220906685447,10.51402990873552,,10.51402990873552,
2026_12_LV_CLE,2026,12,CLE,LV,0.6928156692929428,0.3071843307070572,4.8450327243480675,,4.8450327243480675,
2026_12_BAL_HOU,2026,12,HOU,BAL,0.8140182970074687,0.18598170299253125,8.6390368454683,,8.6390368454683,
2026_12_NYG_IND,2026,12,IND,NYG,0.793367227393868,0.206632772606132,9.484866827057223,,9.484866827057223,
2026_12_NYJ_MIA,2026,12,MIA,NYJ,0.6636447562303683,0.33635524376963166,10.601655779981105,,10.601655779981105,
2026_12_ATL_MIN,2026,12,MIN,ATL,0.5729077738880921,0.4270922261119079,-2.1448366986290637,,-2.1448366986290637,
2026_12_TEN_JAX,2026,12,JAX,TEN,0.8516954321503847,0.14830456784961532,10.320707006719438,,10.320707006719438,
2026_12_WAS_ARI,2026,12,ARI,WAS,0.6702837133669924,0.32971628663300756,4.23889043866337,,4.23889043866337,
2026_12_SEA_SF,2026,12,SF,SEA,0.7941471062740364,0.2058528937259636,12.339165267951334,,12.339165267951334,
2026_12_NE_LAC,2026,12,LAC,NE,0.7248842132818297,0.2751157867181703,9.725274233781164,,9.725274233781164,
2026_12_CAR_TB,2026,12,TB,CAR,0.7728534476149939,0.22714655238500614,9.489022777357139,,9.489022777357139,
2026_13_KC_LA,2026,13,LAR,KC,0.7941689247455924,0.20583107525440758,10.740257025340526,,10.740257025340526,
2026_13_DET_ATL,2026,13,ATL,DET,0.8098562912887387,0.1901437087112613,8.642016498159364,,8.642016498159364,
2026_13_JAX_CHI,2026,13,CHI,JAX,0.8153099807563106,0.18469001924368944,7.281866980037663,,7.281866980037663,
2026_13_CIN_CLE,2026,13,CLE,CIN,0.7095896372288942,0.29041036277110577,4.817649788028316,,4.817649788028316,
2026_13_GB_NO,2026,13,NO,GB,0.8101645067004694,0.18983549329953064,14.532668985564825,,14.532668985564825,
2026_13_SF_NYG,2026,13,NYG,SF,0.7866579559215965,0.21334204407840351,11.062731012119652,,11.062731012119652,
2026_13_LAC_TB,2026,13,TB,LAC,0.6954923453571655,0.30450765464283447,6.576531392862925,,6.576531392862925,
2026_13_WAS_TEN,2026,13,TEN,WAS,0.7553960067106065,0.24460399328939353,6.07554891913561,,6.07554891913561,
2026_13_PHI_ARI,2026,13,ARI,PHI,0.6952088180187364,0.30479118198126365,7.465204650665997,,7.465204650665997,
2026_13_MIA_DEN,2026,13,DEN,MIA,0.7030862197211095,0.2969137802788905,3.3449111608586755,,3.3449111608586755,
2026_13_CAR_MIN,2026,13,MIN,CAR,0.7501092904929128,0.24989070950708725,5.572883205971106,,5.572883205971106,
2026_13_BUF_NE,2026,13,NE,BUF,0.7549217168276429,0.24507828317235714,9.683349492770066,,9.683349492770066,
2026_13_HOU_PIT,2026,13,PIT,HOU,0.8160474361629847,0.1839525638370153,13.816709892075743,,13.816709892075743,
2026_13_DAL_SEA,2026,13,SEA,DAL,0.690706282268471,0.309293717731529,2.0059992164813316,,2.0059992164813316,
2026_14_MIN_NE,2026,14,NE,MIN,0.7796023495214807,0.22039765047851934,11.228270094556127,,11.228270094556127,
2026_14_TB_BAL,2026,14,BAL,TB,0.7861141049142331,0.21388589508576694,9.841693101521372,,9.841693101521372,
2026_14_NO_CAR,2026,14,CAR,NO,0.773499837700556,0.22650016229944403,9.523027079591264,,9.523027079591264,
2026_14_ATL_CLE,2026,14,CLE,ATL,0.5536828127690556,0.4463171872309444,0.21330913393887108,,0.21330913393887108,
2026_14_TEN_DET,2026,14,DET,TEN,0.800012819317912,0.19998718068208798,10.323654971879044,,10.323654971879044,
2026_14_CHI_MIA,2026,14,MIA,CHI,0.764007172418704,0.23599282758129603,14.823547383589446,,14.823547383589446,
2026_14_DEN_NYJ,2026,14,NYJ,DEN,0.827710844585282,0.172289155414718,13.108500391922831,,13.108500391922831,
2026_14_IND_PHI,2026,14,PHI,IND,0.7500130532094748,0.24998694679052524,8.766860971594268,,8.766860971594268,
2026_14_HOU_WAS,2026,14,WAS,HOU,0.749003473333743,0.25099652666625705,10.719766549141472,,10.719766549141472,
2026_14_LAC_LV,2026,14,LV,LAC,0.7477713778078644,0.2522286221921356,7.127391121822997,,7.127391121822997,
2026_14_KC_CIN,2026,14,CIN,KC,0.8262352036741563,0.17376479632584374,13.355608575747382,,13.355608575747382,
2026_14_NYG_SEA,2026,14,SEA,NYG,0.6985499161697977,0.30145008383020233,2.7294886162356065,,2.7294886162356065,
2026_14_LA_SF,2026,14,SF,LAR,0.8390292249062096,0.16097077509379043,13.399222708246992,,13.399222708246992,
2026_14_BUF_GB,2026,14,GB,BUF,0.7257723270031555,0.2742276729968445,12.032772635186799,,12.032772635186799,
2026_14_PIT_JAX,2026,14,JAX,PIT,0.8962644998246553,0.10373550017534472,10.917765736825444,,10.917765736825444,
2026_15_SF_LAC,2026,15,LAC,SF,0.7698352998290136,0.23016470017098645,10.954132939782916,,10.954132939782916,
2026_15_SEA_PHI,2026,15,PHI,SEA,0.6918467894099201,0.30815321059007994,10.440394246128996,,10.440394246128996,
2026_15_CHI_BUF,2026,15,BUF,CHI,0.8185476576398867,0.18145234236011332,13.533660168056883,,13.533660168056883,
2026_15_CIN_CAR,2026,15,CAR,CIN,0.804965466442525,0.19503453355747502,9.918030160301456,,9.918030160301456,
2026_15_MIA_GB,2026,15,GB,MIA,0.7177647895347095,0.28223521046529054,10.064671147158494,,10.064671147158494,
2026_15_JAX_HOU,2026,15,HOU,JAX,0.7953001597080589,0.2046998402919411,6.779736428703465,,6.779736428703465,
2026_15_CLE_NYG,2026,15,NYG,CLE,0.7254844476256931,0.2745155523743069,8.175552821499377,,8.175552821499377,
2026_15_BAL_PIT,2026,15,PIT,BAL,0.8935954402910605,0.10640455970893947,17.062746931680138,,17.062746931680138,
2026_15_NO_TB,2026,15,TB,NO,0.7124699508923829,0.28753004910761715,5.980640446136223,,5.980640446136223,
2026_15_IND_TEN,2026,15,TEN,IND,0.7628085752358822,0.2371914247641178,7.567613005707128,,7.567613005707128,
2026_15_ATL_WAS,2026,15,WAS,ATL,0.6330694420094777,0.3669305579905223,4.521573233211951,,4.521573233211951,
2026_15_NYJ_ARI,2026,15,ARI,NYJ,0.6376080936515607,0.3623919063484393,5.919403383530115,,5.919403383530115,
2026_15_DAL_LA,2026,15,LAR,DAL,0.7780973228784327,0.2219026771215673,7.212209814949376,,7.212209814949376,
2026_15_DEN_LV,2026,15,LV,DEN,0.8431699923759588,0.1568300076240412,12.48147376832879,,12.48147376832879,
2026_15_DET_MIN,2026,15,MIN,DET,0.7375036894650744,0.2624963105349256,2.405139239373554,,2.405139239373554,
2026_15_NE_KC,2026,15,KC,NE,0.8007369266107776,0.19926307338922244,8.012330873191388,,8.012330873191388,
2026_16_HOU_PHI,2026,16,PHI,HOU,0.7632203125762035,0.23677968742379651,10.852680699095501,,10.852680699095501,
2026_16_GB_CHI,2026,16,CHI,GB,0.7488279317234464,0.2511720682765536,6.974738865739138,,6.974738865739138,
2026_16_BUF_DEN,2026,16,DEN,BUF,0.7113427320547532,0.2886572679452468,5.313012648886978,,5.313012648886978,
2026_16_LA_SEA,2026,16,SEA,LAR,0.6706490281741767,0.3293509718258233,5.32909448974004,,5.32909448974004,
2026_16_TB_ATL,2026,16,ATL,TB,0.7260634203417715,0.2739365796582285,7.899191343694969,,7.899191343694969,
2026_16_CLE_BAL,2026,16,BAL,CLE,0.8191447374693932,0.1808552625306068,10.537567304970796,,10.537567304970796,
2026_16_CIN_IND,2026,16,IND,CIN,0.8032494981763064,0.19675050182369358,9.842849051392424,,9.842849051392424,
2026_16_LAC_MIA,2026,16,MIA,LAC,0.6889737861543779,0.3110262138456221,11.106061853363546,,11.106061853363546,
2026_16_WAS_MIN,2026,16,MIN,WAS,0.6746624112034761,0.32533758879652386,0.47547280322771,,0.47547280322771,
2026_16_ARI_NO,2026,16,NO,ARI,0.7401118558081329,0.2598881441918671,8.00756159949452,,8.00756159949452,
2026_16_NE_NYJ,2026,16,NYJ,NE,0.7568940718817795,0.24310592811822052,9.110533696917248,,9.110533696917248,
2026_16_CAR_PIT,2026,16,PIT,CAR,0.8516205263946633,0.14837947360533665,15.33623648074639,,15.33623648074639,
2026_16_TEN_LV,2026,16,LV,TEN,0.7977317785723017,0.2022682214276983,8.371068828285068,,8.371068828285068,
2026_16_SF_KC,2026,16,KC,SF,0.8360967613395413,0.16390323866045875,9.241189579193138,,9.241189579193138,
2026_16_JAX_DAL,2026,16,DAL,JAX,0.8289196444836188,0.17108035551638123,10.978522405870443,,10.978522405870443,
2026_16_NYG_DET,2026,16,DET,NYG,0.7875970966976756,0.21240290330232436,8.521107175065262,,8.521107175065262,
2026_17_BAL_CIN,2026,17,CIN,BAL,0.8879720010682023,0.11202799893179771,15.748922690890183,,15.748922690890183,
2026_17_NO_ATL,2026,17,ATL,NO,0.7681962622493822,0.2318037377506178,8.301378133535998,,8.301378133535998,
2026_17_SEA_CAR,2026,17,CAR,SEA,0.7162713624631318,0.28372863753686817,11.099596369175028,,11.099596369175028,
2026_17_IND_CLE,2026,17,CLE,IND,0.6663504202313681,0.33364957976863185,4.32568272236716,,4.32568272236716,
2026_17_NYG_DAL,2026,17,DAL,NYG,0.7553746883422593,0.2446253116577407,7.639950896855606,,7.639950896855606,
2026_17_WAS_JAX,2026,17,JAX,WAS,0.8162686041813563,0.18373139581864373,6.892110282008185,,6.892110282008185,
2026_17_KC_LAC,2026,17,LAC,KC,0.7456473647527873,0.25435263524721274,10.614846002566114,,10.614846002566114,
2026_17_BUF_MIA,2026,17,MIA,BUF,0.6842964175722834,0.31570358242771657,10.409796075504886,,10.409796075504886,
2026_17_DEN_NE,2026,17,NE,DEN,0.8509434241106415,0.1490565758893585,15.73369791713452,,15.73369791713452,
2026_17_MIN_NYJ,2026,17,NYJ,MIN,0.7485362008882754,0.25146379911172456,8.603072569344437,,8.603072569344437,
2026_17_LA_TB,2026,17,TB,LAR,0.7122193083987436,0.2877806916012564,8.617267176015647,,8.617267176015647,
2026_17_PIT_TEN,2026,17,TEN,PIT,0.8572609426173748,0.14273905738262516,10.101204373952868,,10.101204373952868,
2026_17_LV_ARI,2026,17,ARI,LV,0.7050781260507811,0.29492187394921887,6.250304527215796,,6.250304527215796,
2026_17_DET_CHI,2026,17,CHI,DET,0.7608329064284749,0.2391670935715251,4.2469129792712,,4.2469129792712,
2026_17_PHI_SF,2026,17,SF,PHI,0.8474319993308521,0.15256800066914789,12.399882118847714,,12.399882118847714,
2026_17_HOU_GB,2026,17,GB,HOU,0.7569468782362168,0.24305312176378324,14.122003208869025,,14.122003208869025,
2026_18_SF_ARI,2026,18,ARI,SF,0.746642919493022,0.253357080506978,9.008784114414516,,9.008784114414516,
2026_18_PIT_BAL,2026,18,BAL,PIT,0.8944885648755263,0.1055114351244737,12.680507274657181,,12.680507274657181,
2026_18_NYJ_BUF,2026,18,BUF,NYJ,0.7332826869073589,0.26671731309264113,9.311768564448542,,9.311768564448542,
2026_18_ATL_CAR,2026,18,CAR,ATL,0.6769505851086371,0.32304941489136285,5.313689506212013,,5.313689506212013,
2026_18_CLE_CIN,2026,18,CIN,CLE,0.7954282769654047,0.20457172303459525,10.807717322343912,,10.807717322343912,
2026_18_LAC_DEN,2026,18,DEN,LAC,0.7157858206546184,0.2842141793453816,6.009278426745639,,6.009278426745639,
2026_18_DET_GB,2026,18,GB,DET,0.7904144341736878,0.20958556582631216,12.47378583094212,,12.47378583094212,
2026_18_TEN_HOU,2026,18,HOU,TEN,0.7276127129530766,0.2723872870469234,5.2437127165024116,,5.2437127165024116,
2026_18_JAX_IND,2026,18,IND,JAX,0.8576426022720777,0.14235739772792233,12.823438336072062,,12.823438336072062,
2026_18_LV_KC,2026,18,KC,LV,0.8053821602171409,0.19461783978285907,6.482709991994419,,6.482709991994419,
2026_18_SEA_LA,2026,18,LAR,SEA,0.7029521502072476,0.29704784979275245,9.475247647912425,,9.475247647912425,
2026_18_CHI_MIN,2026,18,MIN,CHI,0.7465081282265593,0.2534918717734407,6.377877351702796,,6.377877351702796,
2026_18_MIA_NE,2026,18,NE,MIA,0.7474691878154404,0.25253081218455964,7.7152480047417615,,7.7152480047417615,
2026_18_TB_NO,2026,18,NO,TB,0.7391632093066451,0.26083679069335486,11.062017944632494,,11.062017944632494,
2026_18_PHI_NYG,2026,18,NYG,PHI,0.7405242266717951,0.25947577332820493,9.51915154837113,,9.51915154837113,
2026_18_DAL_WAS,2026,18,WAS,DAL,0.7548913897073009,0.24510861029269915,8.044442263211916,,8.044442263211916,
